"Kendra Legros","https://1001photos.s3.us-west-2.amazonaws.com/366.jpg","https://1001photos.s3.us-west-2.amazonaws.com/959.jpg","https://1001photos.s3.us-west-2.amazonaws.com/709.jpg","https://1001photos.s3.us-west-2.amazonaws.com/654.jpg","https://1001photos.s3.us-west-2.amazonaws.com/781.jpg","https://1001photos.s3.us-west-2.amazonaws.com/978.jpg","https://1001photos.s3.us-west-2.amazonaws.com/389.jpg","https://1001photos.s3.us-west-2.amazonaws.com/845.jpg","https://1001photos.s3.us-west-2.amazonaws.com/720.jpg","https://1001photos.s3.us-west-2.amazonaws.com/632.jpg","https://1001photos.s3.us-west-2.amazonaws.com/375.jpg","https://1001photos.s3.us-west-2.amazonaws.com/763.jpg","Fri May 29 2020",4,3,0
"Charlene Watsica","https://1001photos.s3.us-west-2.amazonaws.com/142.jpg","https://1001photos.s3.us-west-2.amazonaws.com/144.jpg","https://1001photos.s3.us-west-2.amazonaws.com/28.jpg","https://1001photos.s3.us-west-2.amazonaws.com/129.jpg","https://1001photos.s3.us-west-2.amazonaws.com/604.jpg","https://1001photos.s3.us-west-2.amazonaws.com/911.jpg","https://1001photos.s3.us-west-2.amazonaws.com/151.jpg","https://1001photos.s3.us-west-2.amazonaws.com/252.jpg","https://1001photos.s3.us-west-2.amazonaws.com/955.jpg","https://1001photos.s3.us-west-2.amazonaws.com/925.jpg","https://1001photos.s3.us-west-2.amazonaws.com/950.jpg","https://1001photos.s3.us-west-2.amazonaws.com/347.jpg","Fri May 29 2020",0,0,0
"Mavis Kulas","https://1001photos.s3.us-west-2.amazonaws.com/271.jpg","https://1001photos.s3.us-west-2.amazonaws.com/782.jpg","https://1001photos.s3.us-west-2.amazonaws.com/322.jpg","https://1001photos.s3.us-west-2.amazonaws.com/273.jpg","https://1001photos.s3.us-west-2.amazonaws.com/974.jpg","https://1001photos.s3.us-west-2.amazonaws.com/780.jpg","https://1001photos.s3.us-west-2.amazonaws.com/841.jpg","https://1001photos.s3.us-west-2.amazonaws.com/720.jpg","https://1001photos.s3.us-west-2.amazonaws.com/805.jpg","https://1001photos.s3.us-west-2.amazonaws.com/950.jpg","https://1001photos.s3.us-west-2.amazonaws.com/886.jpg","https://1001photos.s3.us-west-2.amazonaws.com/627.jpg","Fri May 29 2020",2,3,0
"Spencer Hahn","https://1001photos.s3.us-west-2.amazonaws.com/815.jpg","https://1001photos.s3.us-west-2.amazonaws.com/846.jpg","https://1001photos.s3.us-west-2.amazonaws.com/133.jpg","https://1001photos.s3.us-west-2.amazonaws.com/162.jpg","https://1001photos.s3.us-west-2.amazonaws.com/703.jpg","https://1001photos.s3.us-west-2.amazonaws.com/81.jpg","https://1001photos.s3.us-west-2.amazonaws.com/467.jpg","https://1001photos.s3.us-west-2.amazonaws.com/279.jpg","https://1001photos.s3.us-west-2.amazonaws.com/81.jpg","https://1001photos.s3.us-west-2.amazonaws.com/957.jpg","https://1001photos.s3.us-west-2.amazonaws.com/892.jpg","https://1001photos.s3.us-west-2.amazonaws.com/499.jpg","Fri May 29 2020",0,0,0
"Isaac Connelly","https://1001photos.s3.us-west-2.amazonaws.com/123.jpg","https://1001photos.s3.us-west-2.amazonaws.com/914.jpg","https://1001photos.s3.us-west-2.amazonaws.com/333.jpg","https://1001photos.s3.us-west-2.amazonaws.com/838.jpg","https://1001photos.s3.us-west-2.amazonaws.com/483.jpg","https://1001photos.s3.us-west-2.amazonaws.com/618.jpg","https://1001photos.s3.us-west-2.amazonaws.com/244.jpg","https://1001photos.s3.us-west-2.amazonaws.com/350.jpg","https://1001photos.s3.us-west-2.amazonaws.com/935.jpg","https://1001photos.s3.us-west-2.amazonaws.com/283.jpg","https://1001photos.s3.us-west-2.amazonaws.com/289.jpg","https://1001photos.s3.us-west-2.amazonaws.com/175.jpg","Fri May 29 2020",4,0,0
"Broderick Schaefer","https://1001photos.s3.us-west-2.amazonaws.com/955.jpg","https://1001photos.s3.us-west-2.amazonaws.com/134.jpg","https://1001photos.s3.us-west-2.amazonaws.com/318.jpg","https://1001photos.s3.us-west-2.amazonaws.com/985.jpg","https://1001photos.s3.us-west-2.amazonaws.com/699.jpg","https://1001photos.s3.us-west-2.amazonaws.com/730.jpg","https://1001photos.s3.us-west-2.amazonaws.com/202.jpg","https://1001photos.s3.us-west-2.amazonaws.com/537.jpg","https://1001photos.s3.us-west-2.amazonaws.com/794.jpg","https://1001photos.s3.us-west-2.amazonaws.com/325.jpg","https://1001photos.s3.us-west-2.amazonaws.com/288.jpg","https://1001photos.s3.us-west-2.amazonaws.com/666.jpg","Fri May 29 2020",2,2,0
"Enrique Legros","https://1001photos.s3.us-west-2.amazonaws.com/914.jpg","https://1001photos.s3.us-west-2.amazonaws.com/775.jpg","https://1001photos.s3.us-west-2.amazonaws.com/474.jpg","https://1001photos.s3.us-west-2.amazonaws.com/914.jpg","https://1001photos.s3.us-west-2.amazonaws.com/394.jpg","https://1001photos.s3.us-west-2.amazonaws.com/474.jpg","https://1001photos.s3.us-west-2.amazonaws.com/518.jpg","https://1001photos.s3.us-west-2.amazonaws.com/113.jpg","https://1001photos.s3.us-west-2.amazonaws.com/781.jpg","https://1001photos.s3.us-west-2.amazonaws.com/714.jpg","https://1001photos.s3.us-west-2.amazonaws.com/569.jpg","https://1001photos.s3.us-west-2.amazonaws.com/51.jpg","Fri May 29 2020",4,0,0
"Alberto Ruecker","https://1001photos.s3.us-west-2.amazonaws.com/495.jpg","https://1001photos.s3.us-west-2.amazonaws.com/570.jpg","https://1001photos.s3.us-west-2.amazonaws.com/127.jpg","https://1001photos.s3.us-west-2.amazonaws.com/77.jpg","https://1001photos.s3.us-west-2.amazonaws.com/469.jpg","https://1001photos.s3.us-west-2.amazonaws.com/196.jpg","https://1001photos.s3.us-west-2.amazonaws.com/136.jpg","https://1001photos.s3.us-west-2.amazonaws.com/739.jpg","https://1001photos.s3.us-west-2.amazonaws.com/597.jpg","https://1001photos.s3.us-west-2.amazonaws.com/769.jpg","https://1001photos.s3.us-west-2.amazonaws.com/867.jpg","https://1001photos.s3.us-west-2.amazonaws.com/306.jpg","Fri May 29 2020",2,0,0
"Austyn Zemlak","https://1001photos.s3.us-west-2.amazonaws.com/686.jpg","https://1001photos.s3.us-west-2.amazonaws.com/613.jpg","https://1001photos.s3.us-west-2.amazonaws.com/610.jpg","https://1001photos.s3.us-west-2.amazonaws.com/230.jpg","https://1001photos.s3.us-west-2.amazonaws.com/43.jpg","https://1001photos.s3.us-west-2.amazonaws.com/994.jpg","https://1001photos.s3.us-west-2.amazonaws.com/911.jpg","https://1001photos.s3.us-west-2.amazonaws.com/409.jpg","https://1001photos.s3.us-west-2.amazonaws.com/150.jpg","https://1001photos.s3.us-west-2.amazonaws.com/74.jpg","https://1001photos.s3.us-west-2.amazonaws.com/926.jpg","https://1001photos.s3.us-west-2.amazonaws.com/300.jpg","Fri May 29 2020",3,1,0
"Myron Rath","https://1001photos.s3.us-west-2.amazonaws.com/156.jpg","https://1001photos.s3.us-west-2.amazonaws.com/129.jpg","https://1001photos.s3.us-west-2.amazonaws.com/786.jpg","https://1001photos.s3.us-west-2.amazonaws.com/579.jpg","https://1001photos.s3.us-west-2.amazonaws.com/889.jpg","https://1001photos.s3.us-west-2.amazonaws.com/168.jpg","https://1001photos.s3.us-west-2.amazonaws.com/988.jpg","https://1001photos.s3.us-west-2.amazonaws.com/242.jpg","https://1001photos.s3.us-west-2.amazonaws.com/752.jpg","https://1001photos.s3.us-west-2.amazonaws.com/788.jpg","https://1001photos.s3.us-west-2.amazonaws.com/914.jpg","https://1001photos.s3.us-west-2.amazonaws.com/725.jpg","Fri May 29 2020",3,4,0
"Sienna Ward","https://1001photos.s3.us-west-2.amazonaws.com/387.jpg","https://1001photos.s3.us-west-2.amazonaws.com/33.jpg","https://1001photos.s3.us-west-2.amazonaws.com/569.jpg","https://1001photos.s3.us-west-2.amazonaws.com/433.jpg","https://1001photos.s3.us-west-2.amazonaws.com/812.jpg","https://1001photos.s3.us-west-2.amazonaws.com/626.jpg","https://1001photos.s3.us-west-2.amazonaws.com/963.jpg","https://1001photos.s3.us-west-2.amazonaws.com/585.jpg","https://1001photos.s3.us-west-2.amazonaws.com/294.jpg","https://1001photos.s3.us-west-2.amazonaws.com/320.jpg","https://1001photos.s3.us-west-2.amazonaws.com/610.jpg","https://1001photos.s3.us-west-2.amazonaws.com/794.jpg","Fri May 29 2020",3,2,0
"Deshaun Stehr","https://1001photos.s3.us-west-2.amazonaws.com/629.jpg","https://1001photos.s3.us-west-2.amazonaws.com/559.jpg","https://1001photos.s3.us-west-2.amazonaws.com/91.jpg","https://1001photos.s3.us-west-2.amazonaws.com/355.jpg","https://1001photos.s3.us-west-2.amazonaws.com/223.jpg","https://1001photos.s3.us-west-2.amazonaws.com/666.jpg","https://1001photos.s3.us-west-2.amazonaws.com/832.jpg","https://1001photos.s3.us-west-2.amazonaws.com/205.jpg","https://1001photos.s3.us-west-2.amazonaws.com/117.jpg","https://1001photos.s3.us-west-2.amazonaws.com/111.jpg","https://1001photos.s3.us-west-2.amazonaws.com/547.jpg","https://1001photos.s3.us-west-2.amazonaws.com/992.jpg","Fri May 29 2020",4,4,0
"Pattie Wilkinson","https://1001photos.s3.us-west-2.amazonaws.com/793.jpg","https://1001photos.s3.us-west-2.amazonaws.com/726.jpg","https://1001photos.s3.us-west-2.amazonaws.com/842.jpg","https://1001photos.s3.us-west-2.amazonaws.com/934.jpg","https://1001photos.s3.us-west-2.amazonaws.com/492.jpg","https://1001photos.s3.us-west-2.amazonaws.com/139.jpg","https://1001photos.s3.us-west-2.amazonaws.com/570.jpg","https://1001photos.s3.us-west-2.amazonaws.com/798.jpg","https://1001photos.s3.us-west-2.amazonaws.com/613.jpg","https://1001photos.s3.us-west-2.amazonaws.com/41.jpg","https://1001photos.s3.us-west-2.amazonaws.com/87.jpg","https://1001photos.s3.us-west-2.amazonaws.com/778.jpg","Fri May 29 2020",2,4,0
"Elmo Reinger DDS","https://1001photos.s3.us-west-2.amazonaws.com/604.jpg","https://1001photos.s3.us-west-2.amazonaws.com/790.jpg","https://1001photos.s3.us-west-2.amazonaws.com/992.jpg","https://1001photos.s3.us-west-2.amazonaws.com/638.jpg","https://1001photos.s3.us-west-2.amazonaws.com/1.jpg","https://1001photos.s3.us-west-2.amazonaws.com/93.jpg","https://1001photos.s3.us-west-2.amazonaws.com/945.jpg","https://1001photos.s3.us-west-2.amazonaws.com/703.jpg","https://1001photos.s3.us-west-2.amazonaws.com/11.jpg","https://1001photos.s3.us-west-2.amazonaws.com/44.jpg","https://1001photos.s3.us-west-2.amazonaws.com/317.jpg","https://1001photos.s3.us-west-2.amazonaws.com/855.jpg","Fri May 29 2020",1,0,0
"Rachelle Jaskolski","https://1001photos.s3.us-west-2.amazonaws.com/864.jpg","https://1001photos.s3.us-west-2.amazonaws.com/997.jpg","https://1001photos.s3.us-west-2.amazonaws.com/774.jpg","https://1001photos.s3.us-west-2.amazonaws.com/194.jpg","https://1001photos.s3.us-west-2.amazonaws.com/205.jpg","https://1001photos.s3.us-west-2.amazonaws.com/965.jpg","https://1001photos.s3.us-west-2.amazonaws.com/670.jpg","https://1001photos.s3.us-west-2.amazonaws.com/405.jpg","https://1001photos.s3.us-west-2.amazonaws.com/357.jpg","https://1001photos.s3.us-west-2.amazonaws.com/495.jpg","https://1001photos.s3.us-west-2.amazonaws.com/194.jpg","https://1001photos.s3.us-west-2.amazonaws.com/115.jpg","Fri May 29 2020",3,0,0
"Steve Bins","https://1001photos.s3.us-west-2.amazonaws.com/332.jpg","https://1001photos.s3.us-west-2.amazonaws.com/499.jpg","https://1001photos.s3.us-west-2.amazonaws.com/955.jpg","https://1001photos.s3.us-west-2.amazonaws.com/880.jpg","https://1001photos.s3.us-west-2.amazonaws.com/154.jpg","https://1001photos.s3.us-west-2.amazonaws.com/390.jpg","https://1001photos.s3.us-west-2.amazonaws.com/801.jpg","https://1001photos.s3.us-west-2.amazonaws.com/819.jpg","https://1001photos.s3.us-west-2.amazonaws.com/538.jpg","https://1001photos.s3.us-west-2.amazonaws.com/397.jpg","https://1001photos.s3.us-west-2.amazonaws.com/591.jpg","https://1001photos.s3.us-west-2.amazonaws.com/468.jpg","Fri May 29 2020",3,4,0
"Mossie Corwin","https://1001photos.s3.us-west-2.amazonaws.com/774.jpg","https://1001photos.s3.us-west-2.amazonaws.com/45.jpg","https://1001photos.s3.us-west-2.amazonaws.com/142.jpg","https://1001photos.s3.us-west-2.amazonaws.com/648.jpg","https://1001photos.s3.us-west-2.amazonaws.com/31.jpg","https://1001photos.s3.us-west-2.amazonaws.com/85.jpg","https://1001photos.s3.us-west-2.amazonaws.com/897.jpg","https://1001photos.s3.us-west-2.amazonaws.com/245.jpg","https://1001photos.s3.us-west-2.amazonaws.com/135.jpg","https://1001photos.s3.us-west-2.amazonaws.com/409.jpg","https://1001photos.s3.us-west-2.amazonaws.com/523.jpg","https://1001photos.s3.us-west-2.amazonaws.com/369.jpg","Fri May 29 2020",0,2,0
"Jaeden Cummings","https://1001photos.s3.us-west-2.amazonaws.com/36.jpg","https://1001photos.s3.us-west-2.amazonaws.com/607.jpg","https://1001photos.s3.us-west-2.amazonaws.com/644.jpg","https://1001photos.s3.us-west-2.amazonaws.com/9.jpg","https://1001photos.s3.us-west-2.amazonaws.com/141.jpg","https://1001photos.s3.us-west-2.amazonaws.com/43.jpg","https://1001photos.s3.us-west-2.amazonaws.com/729.jpg","https://1001photos.s3.us-west-2.amazonaws.com/886.jpg","https://1001photos.s3.us-west-2.amazonaws.com/291.jpg","https://1001photos.s3.us-west-2.amazonaws.com/566.jpg","https://1001photos.s3.us-west-2.amazonaws.com/895.jpg","https://1001photos.s3.us-west-2.amazonaws.com/820.jpg","Fri May 29 2020",2,3,0
"Mason Windler","https://1001photos.s3.us-west-2.amazonaws.com/702.jpg","https://1001photos.s3.us-west-2.amazonaws.com/988.jpg","https://1001photos.s3.us-west-2.amazonaws.com/84.jpg","https://1001photos.s3.us-west-2.amazonaws.com/816.jpg","https://1001photos.s3.us-west-2.amazonaws.com/355.jpg","https://1001photos.s3.us-west-2.amazonaws.com/825.jpg","https://1001photos.s3.us-west-2.amazonaws.com/806.jpg","https://1001photos.s3.us-west-2.amazonaws.com/769.jpg","https://1001photos.s3.us-west-2.amazonaws.com/780.jpg","https://1001photos.s3.us-west-2.amazonaws.com/554.jpg","https://1001photos.s3.us-west-2.amazonaws.com/748.jpg","https://1001photos.s3.us-west-2.amazonaws.com/427.jpg","Fri May 29 2020",3,1,0
"Malvina Renner","https://1001photos.s3.us-west-2.amazonaws.com/840.jpg","https://1001photos.s3.us-west-2.amazonaws.com/685.jpg","https://1001photos.s3.us-west-2.amazonaws.com/979.jpg","https://1001photos.s3.us-west-2.amazonaws.com/895.jpg","https://1001photos.s3.us-west-2.amazonaws.com/612.jpg","https://1001photos.s3.us-west-2.amazonaws.com/432.jpg","https://1001photos.s3.us-west-2.amazonaws.com/407.jpg","https://1001photos.s3.us-west-2.amazonaws.com/679.jpg","https://1001photos.s3.us-west-2.amazonaws.com/493.jpg","https://1001photos.s3.us-west-2.amazonaws.com/749.jpg","https://1001photos.s3.us-west-2.amazonaws.com/45.jpg","https://1001photos.s3.us-west-2.amazonaws.com/476.jpg","Fri May 29 2020",3,4,0
"Harold Littel","https://1001photos.s3.us-west-2.amazonaws.com/651.jpg","https://1001photos.s3.us-west-2.amazonaws.com/94.jpg","https://1001photos.s3.us-west-2.amazonaws.com/71.jpg","https://1001photos.s3.us-west-2.amazonaws.com/84.jpg","https://1001photos.s3.us-west-2.amazonaws.com/688.jpg","https://1001photos.s3.us-west-2.amazonaws.com/16.jpg","https://1001photos.s3.us-west-2.amazonaws.com/908.jpg","https://1001photos.s3.us-west-2.amazonaws.com/71.jpg","https://1001photos.s3.us-west-2.amazonaws.com/320.jpg","https://1001photos.s3.us-west-2.amazonaws.com/806.jpg","https://1001photos.s3.us-west-2.amazonaws.com/457.jpg","https://1001photos.s3.us-west-2.amazonaws.com/735.jpg","Fri May 29 2020",3,3,0
"Ernesto Shanahan","https://1001photos.s3.us-west-2.amazonaws.com/872.jpg","https://1001photos.s3.us-west-2.amazonaws.com/518.jpg","https://1001photos.s3.us-west-2.amazonaws.com/144.jpg","https://1001photos.s3.us-west-2.amazonaws.com/180.jpg","https://1001photos.s3.us-west-2.amazonaws.com/906.jpg","https://1001photos.s3.us-west-2.amazonaws.com/634.jpg","https://1001photos.s3.us-west-2.amazonaws.com/723.jpg","https://1001photos.s3.us-west-2.amazonaws.com/816.jpg","https://1001photos.s3.us-west-2.amazonaws.com/495.jpg","https://1001photos.s3.us-west-2.amazonaws.com/852.jpg","https://1001photos.s3.us-west-2.amazonaws.com/439.jpg","https://1001photos.s3.us-west-2.amazonaws.com/295.jpg","Fri May 29 2020",1,1,0
"Euna Cassin","https://1001photos.s3.us-west-2.amazonaws.com/128.jpg","https://1001photos.s3.us-west-2.amazonaws.com/755.jpg","https://1001photos.s3.us-west-2.amazonaws.com/615.jpg","https://1001photos.s3.us-west-2.amazonaws.com/888.jpg","https://1001photos.s3.us-west-2.amazonaws.com/535.jpg","https://1001photos.s3.us-west-2.amazonaws.com/209.jpg","https://1001photos.s3.us-west-2.amazonaws.com/730.jpg","https://1001photos.s3.us-west-2.amazonaws.com/722.jpg","https://1001photos.s3.us-west-2.amazonaws.com/2.jpg","https://1001photos.s3.us-west-2.amazonaws.com/188.jpg","https://1001photos.s3.us-west-2.amazonaws.com/415.jpg","https://1001photos.s3.us-west-2.amazonaws.com/544.jpg","Fri May 29 2020",0,4,0
"Dr. Deontae Konopelski","https://1001photos.s3.us-west-2.amazonaws.com/18.jpg","https://1001photos.s3.us-west-2.amazonaws.com/466.jpg","https://1001photos.s3.us-west-2.amazonaws.com/955.jpg","https://1001photos.s3.us-west-2.amazonaws.com/458.jpg","https://1001photos.s3.us-west-2.amazonaws.com/755.jpg","https://1001photos.s3.us-west-2.amazonaws.com/541.jpg","https://1001photos.s3.us-west-2.amazonaws.com/614.jpg","https://1001photos.s3.us-west-2.amazonaws.com/459.jpg","https://1001photos.s3.us-west-2.amazonaws.com/60.jpg","https://1001photos.s3.us-west-2.amazonaws.com/81.jpg","https://1001photos.s3.us-west-2.amazonaws.com/14.jpg","https://1001photos.s3.us-west-2.amazonaws.com/234.jpg","Fri May 29 2020",2,0,0
"Ocie Lowe","https://1001photos.s3.us-west-2.amazonaws.com/281.jpg","https://1001photos.s3.us-west-2.amazonaws.com/11.jpg","https://1001photos.s3.us-west-2.amazonaws.com/864.jpg","https://1001photos.s3.us-west-2.amazonaws.com/665.jpg","https://1001photos.s3.us-west-2.amazonaws.com/940.jpg","https://1001photos.s3.us-west-2.amazonaws.com/23.jpg","https://1001photos.s3.us-west-2.amazonaws.com/712.jpg","https://1001photos.s3.us-west-2.amazonaws.com/21.jpg","https://1001photos.s3.us-west-2.amazonaws.com/383.jpg","https://1001photos.s3.us-west-2.amazonaws.com/588.jpg","https://1001photos.s3.us-west-2.amazonaws.com/566.jpg","https://1001photos.s3.us-west-2.amazonaws.com/946.jpg","Fri May 29 2020",4,0,0
"Joy O'Keefe","https://1001photos.s3.us-west-2.amazonaws.com/81.jpg","https://1001photos.s3.us-west-2.amazonaws.com/774.jpg","https://1001photos.s3.us-west-2.amazonaws.com/764.jpg","https://1001photos.s3.us-west-2.amazonaws.com/308.jpg","https://1001photos.s3.us-west-2.amazonaws.com/846.jpg","https://1001photos.s3.us-west-2.amazonaws.com/845.jpg","https://1001photos.s3.us-west-2.amazonaws.com/184.jpg","https://1001photos.s3.us-west-2.amazonaws.com/213.jpg","https://1001photos.s3.us-west-2.amazonaws.com/948.jpg","https://1001photos.s3.us-west-2.amazonaws.com/736.jpg","https://1001photos.s3.us-west-2.amazonaws.com/995.jpg","https://1001photos.s3.us-west-2.amazonaws.com/941.jpg","Fri May 29 2020",3,4,0
"Casimir West","https://1001photos.s3.us-west-2.amazonaws.com/904.jpg","https://1001photos.s3.us-west-2.amazonaws.com/141.jpg","https://1001photos.s3.us-west-2.amazonaws.com/355.jpg","https://1001photos.s3.us-west-2.amazonaws.com/526.jpg","https://1001photos.s3.us-west-2.amazonaws.com/863.jpg","https://1001photos.s3.us-west-2.amazonaws.com/509.jpg","https://1001photos.s3.us-west-2.amazonaws.com/594.jpg","https://1001photos.s3.us-west-2.amazonaws.com/265.jpg","https://1001photos.s3.us-west-2.amazonaws.com/322.jpg","https://1001photos.s3.us-west-2.amazonaws.com/345.jpg","https://1001photos.s3.us-west-2.amazonaws.com/587.jpg","https://1001photos.s3.us-west-2.amazonaws.com/908.jpg","Fri May 29 2020",3,4,0
"Wava Douglas","https://1001photos.s3.us-west-2.amazonaws.com/865.jpg","https://1001photos.s3.us-west-2.amazonaws.com/833.jpg","https://1001photos.s3.us-west-2.amazonaws.com/485.jpg","https://1001photos.s3.us-west-2.amazonaws.com/272.jpg","https://1001photos.s3.us-west-2.amazonaws.com/480.jpg","https://1001photos.s3.us-west-2.amazonaws.com/476.jpg","https://1001photos.s3.us-west-2.amazonaws.com/472.jpg","https://1001photos.s3.us-west-2.amazonaws.com/273.jpg","https://1001photos.s3.us-west-2.amazonaws.com/83.jpg","https://1001photos.s3.us-west-2.amazonaws.com/810.jpg","https://1001photos.s3.us-west-2.amazonaws.com/533.jpg","https://1001photos.s3.us-west-2.amazonaws.com/668.jpg","Fri May 29 2020",4,0,0
"Kamren Heathcote","https://1001photos.s3.us-west-2.amazonaws.com/265.jpg","https://1001photos.s3.us-west-2.amazonaws.com/525.jpg","https://1001photos.s3.us-west-2.amazonaws.com/354.jpg","https://1001photos.s3.us-west-2.amazonaws.com/239.jpg","https://1001photos.s3.us-west-2.amazonaws.com/346.jpg","https://1001photos.s3.us-west-2.amazonaws.com/438.jpg","https://1001photos.s3.us-west-2.amazonaws.com/474.jpg","https://1001photos.s3.us-west-2.amazonaws.com/683.jpg","https://1001photos.s3.us-west-2.amazonaws.com/922.jpg","https://1001photos.s3.us-west-2.amazonaws.com/138.jpg","https://1001photos.s3.us-west-2.amazonaws.com/410.jpg","https://1001photos.s3.us-west-2.amazonaws.com/839.jpg","Fri May 29 2020",1,3,0
"Norene Sporer","https://1001photos.s3.us-west-2.amazonaws.com/152.jpg","https://1001photos.s3.us-west-2.amazonaws.com/751.jpg","https://1001photos.s3.us-west-2.amazonaws.com/134.jpg","https://1001photos.s3.us-west-2.amazonaws.com/501.jpg","https://1001photos.s3.us-west-2.amazonaws.com/478.jpg","https://1001photos.s3.us-west-2.amazonaws.com/779.jpg","https://1001photos.s3.us-west-2.amazonaws.com/838.jpg","https://1001photos.s3.us-west-2.amazonaws.com/918.jpg","https://1001photos.s3.us-west-2.amazonaws.com/61.jpg","https://1001photos.s3.us-west-2.amazonaws.com/261.jpg","https://1001photos.s3.us-west-2.amazonaws.com/692.jpg","https://1001photos.s3.us-west-2.amazonaws.com/866.jpg","Fri May 29 2020",1,0,0
"Dandre Farrell","https://1001photos.s3.us-west-2.amazonaws.com/468.jpg","https://1001photos.s3.us-west-2.amazonaws.com/154.jpg","https://1001photos.s3.us-west-2.amazonaws.com/418.jpg","https://1001photos.s3.us-west-2.amazonaws.com/400.jpg","https://1001photos.s3.us-west-2.amazonaws.com/228.jpg","https://1001photos.s3.us-west-2.amazonaws.com/478.jpg","https://1001photos.s3.us-west-2.amazonaws.com/287.jpg","https://1001photos.s3.us-west-2.amazonaws.com/763.jpg","https://1001photos.s3.us-west-2.amazonaws.com/322.jpg","https://1001photos.s3.us-west-2.amazonaws.com/795.jpg","https://1001photos.s3.us-west-2.amazonaws.com/754.jpg","https://1001photos.s3.us-west-2.amazonaws.com/73.jpg","Fri May 29 2020",0,2,0
"Camilla Dicki","https://1001photos.s3.us-west-2.amazonaws.com/306.jpg","https://1001photos.s3.us-west-2.amazonaws.com/940.jpg","https://1001photos.s3.us-west-2.amazonaws.com/457.jpg","https://1001photos.s3.us-west-2.amazonaws.com/157.jpg","https://1001photos.s3.us-west-2.amazonaws.com/179.jpg","https://1001photos.s3.us-west-2.amazonaws.com/540.jpg","https://1001photos.s3.us-west-2.amazonaws.com/145.jpg","https://1001photos.s3.us-west-2.amazonaws.com/851.jpg","https://1001photos.s3.us-west-2.amazonaws.com/804.jpg","https://1001photos.s3.us-west-2.amazonaws.com/241.jpg","https://1001photos.s3.us-west-2.amazonaws.com/399.jpg","https://1001photos.s3.us-west-2.amazonaws.com/141.jpg","Fri May 29 2020",2,2,0
"Darian Bins","https://1001photos.s3.us-west-2.amazonaws.com/426.jpg","https://1001photos.s3.us-west-2.amazonaws.com/859.jpg","https://1001photos.s3.us-west-2.amazonaws.com/907.jpg","https://1001photos.s3.us-west-2.amazonaws.com/920.jpg","https://1001photos.s3.us-west-2.amazonaws.com/244.jpg","https://1001photos.s3.us-west-2.amazonaws.com/747.jpg","https://1001photos.s3.us-west-2.amazonaws.com/306.jpg","https://1001photos.s3.us-west-2.amazonaws.com/512.jpg","https://1001photos.s3.us-west-2.amazonaws.com/298.jpg","https://1001photos.s3.us-west-2.amazonaws.com/814.jpg","https://1001photos.s3.us-west-2.amazonaws.com/240.jpg","https://1001photos.s3.us-west-2.amazonaws.com/529.jpg","Fri May 29 2020",2,0,0
"Ray King III","https://1001photos.s3.us-west-2.amazonaws.com/258.jpg","https://1001photos.s3.us-west-2.amazonaws.com/280.jpg","https://1001photos.s3.us-west-2.amazonaws.com/361.jpg","https://1001photos.s3.us-west-2.amazonaws.com/372.jpg","https://1001photos.s3.us-west-2.amazonaws.com/166.jpg","https://1001photos.s3.us-west-2.amazonaws.com/475.jpg","https://1001photos.s3.us-west-2.amazonaws.com/532.jpg","https://1001photos.s3.us-west-2.amazonaws.com/828.jpg","https://1001photos.s3.us-west-2.amazonaws.com/401.jpg","https://1001photos.s3.us-west-2.amazonaws.com/483.jpg","https://1001photos.s3.us-west-2.amazonaws.com/189.jpg","https://1001photos.s3.us-west-2.amazonaws.com/387.jpg","Fri May 29 2020",2,3,0
"Maia Durgan","https://1001photos.s3.us-west-2.amazonaws.com/623.jpg","https://1001photos.s3.us-west-2.amazonaws.com/240.jpg","https://1001photos.s3.us-west-2.amazonaws.com/143.jpg","https://1001photos.s3.us-west-2.amazonaws.com/844.jpg","https://1001photos.s3.us-west-2.amazonaws.com/346.jpg","https://1001photos.s3.us-west-2.amazonaws.com/331.jpg","https://1001photos.s3.us-west-2.amazonaws.com/703.jpg","https://1001photos.s3.us-west-2.amazonaws.com/56.jpg","https://1001photos.s3.us-west-2.amazonaws.com/455.jpg","https://1001photos.s3.us-west-2.amazonaws.com/578.jpg","https://1001photos.s3.us-west-2.amazonaws.com/745.jpg","https://1001photos.s3.us-west-2.amazonaws.com/528.jpg","Fri May 29 2020",1,1,0
"Monique Hauck","https://1001photos.s3.us-west-2.amazonaws.com/121.jpg","https://1001photos.s3.us-west-2.amazonaws.com/983.jpg","https://1001photos.s3.us-west-2.amazonaws.com/419.jpg","https://1001photos.s3.us-west-2.amazonaws.com/488.jpg","https://1001photos.s3.us-west-2.amazonaws.com/735.jpg","https://1001photos.s3.us-west-2.amazonaws.com/962.jpg","https://1001photos.s3.us-west-2.amazonaws.com/312.jpg","https://1001photos.s3.us-west-2.amazonaws.com/228.jpg","https://1001photos.s3.us-west-2.amazonaws.com/754.jpg","https://1001photos.s3.us-west-2.amazonaws.com/993.jpg","https://1001photos.s3.us-west-2.amazonaws.com/22.jpg","https://1001photos.s3.us-west-2.amazonaws.com/528.jpg","Fri May 29 2020",0,3,0
"Jayme Ratke","https://1001photos.s3.us-west-2.amazonaws.com/74.jpg","https://1001photos.s3.us-west-2.amazonaws.com/133.jpg","https://1001photos.s3.us-west-2.amazonaws.com/71.jpg","https://1001photos.s3.us-west-2.amazonaws.com/373.jpg","https://1001photos.s3.us-west-2.amazonaws.com/857.jpg","https://1001photos.s3.us-west-2.amazonaws.com/42.jpg","https://1001photos.s3.us-west-2.amazonaws.com/339.jpg","https://1001photos.s3.us-west-2.amazonaws.com/919.jpg","https://1001photos.s3.us-west-2.amazonaws.com/345.jpg","https://1001photos.s3.us-west-2.amazonaws.com/797.jpg","https://1001photos.s3.us-west-2.amazonaws.com/76.jpg","https://1001photos.s3.us-west-2.amazonaws.com/770.jpg","Fri May 29 2020",3,0,0
"Tyra Littel","https://1001photos.s3.us-west-2.amazonaws.com/858.jpg","https://1001photos.s3.us-west-2.amazonaws.com/49.jpg","https://1001photos.s3.us-west-2.amazonaws.com/545.jpg","https://1001photos.s3.us-west-2.amazonaws.com/359.jpg","https://1001photos.s3.us-west-2.amazonaws.com/205.jpg","https://1001photos.s3.us-west-2.amazonaws.com/260.jpg","https://1001photos.s3.us-west-2.amazonaws.com/616.jpg","https://1001photos.s3.us-west-2.amazonaws.com/286.jpg","https://1001photos.s3.us-west-2.amazonaws.com/12.jpg","https://1001photos.s3.us-west-2.amazonaws.com/798.jpg","https://1001photos.s3.us-west-2.amazonaws.com/302.jpg","https://1001photos.s3.us-west-2.amazonaws.com/372.jpg","Fri May 29 2020",1,1,0
"Mara Gulgowski","https://1001photos.s3.us-west-2.amazonaws.com/696.jpg","https://1001photos.s3.us-west-2.amazonaws.com/834.jpg","https://1001photos.s3.us-west-2.amazonaws.com/345.jpg","https://1001photos.s3.us-west-2.amazonaws.com/587.jpg","https://1001photos.s3.us-west-2.amazonaws.com/7.jpg","https://1001photos.s3.us-west-2.amazonaws.com/758.jpg","https://1001photos.s3.us-west-2.amazonaws.com/725.jpg","https://1001photos.s3.us-west-2.amazonaws.com/878.jpg","https://1001photos.s3.us-west-2.amazonaws.com/721.jpg","https://1001photos.s3.us-west-2.amazonaws.com/190.jpg","https://1001photos.s3.us-west-2.amazonaws.com/585.jpg","https://1001photos.s3.us-west-2.amazonaws.com/272.jpg","Fri May 29 2020",3,3,0
"Ray O'Hara","https://1001photos.s3.us-west-2.amazonaws.com/778.jpg","https://1001photos.s3.us-west-2.amazonaws.com/277.jpg","https://1001photos.s3.us-west-2.amazonaws.com/62.jpg","https://1001photos.s3.us-west-2.amazonaws.com/121.jpg","https://1001photos.s3.us-west-2.amazonaws.com/794.jpg","https://1001photos.s3.us-west-2.amazonaws.com/334.jpg","https://1001photos.s3.us-west-2.amazonaws.com/171.jpg","https://1001photos.s3.us-west-2.amazonaws.com/320.jpg","https://1001photos.s3.us-west-2.amazonaws.com/353.jpg","https://1001photos.s3.us-west-2.amazonaws.com/726.jpg","https://1001photos.s3.us-west-2.amazonaws.com/670.jpg","https://1001photos.s3.us-west-2.amazonaws.com/607.jpg","Fri May 29 2020",4,1,0
"Bettye Schumm","https://1001photos.s3.us-west-2.amazonaws.com/874.jpg","https://1001photos.s3.us-west-2.amazonaws.com/515.jpg","https://1001photos.s3.us-west-2.amazonaws.com/117.jpg","https://1001photos.s3.us-west-2.amazonaws.com/770.jpg","https://1001photos.s3.us-west-2.amazonaws.com/953.jpg","https://1001photos.s3.us-west-2.amazonaws.com/403.jpg","https://1001photos.s3.us-west-2.amazonaws.com/829.jpg","https://1001photos.s3.us-west-2.amazonaws.com/269.jpg","https://1001photos.s3.us-west-2.amazonaws.com/417.jpg","https://1001photos.s3.us-west-2.amazonaws.com/79.jpg","https://1001photos.s3.us-west-2.amazonaws.com/847.jpg","https://1001photos.s3.us-west-2.amazonaws.com/186.jpg","Fri May 29 2020",4,2,0
"Selena Thiel","https://1001photos.s3.us-west-2.amazonaws.com/320.jpg","https://1001photos.s3.us-west-2.amazonaws.com/941.jpg","https://1001photos.s3.us-west-2.amazonaws.com/652.jpg","https://1001photos.s3.us-west-2.amazonaws.com/755.jpg","https://1001photos.s3.us-west-2.amazonaws.com/771.jpg","https://1001photos.s3.us-west-2.amazonaws.com/529.jpg","https://1001photos.s3.us-west-2.amazonaws.com/982.jpg","https://1001photos.s3.us-west-2.amazonaws.com/191.jpg","https://1001photos.s3.us-west-2.amazonaws.com/522.jpg","https://1001photos.s3.us-west-2.amazonaws.com/625.jpg","https://1001photos.s3.us-west-2.amazonaws.com/832.jpg","https://1001photos.s3.us-west-2.amazonaws.com/230.jpg","Fri May 29 2020",2,3,0
"Natasha Murazik","https://1001photos.s3.us-west-2.amazonaws.com/955.jpg","https://1001photos.s3.us-west-2.amazonaws.com/24.jpg","https://1001photos.s3.us-west-2.amazonaws.com/661.jpg","https://1001photos.s3.us-west-2.amazonaws.com/948.jpg","https://1001photos.s3.us-west-2.amazonaws.com/534.jpg","https://1001photos.s3.us-west-2.amazonaws.com/498.jpg","https://1001photos.s3.us-west-2.amazonaws.com/830.jpg","https://1001photos.s3.us-west-2.amazonaws.com/870.jpg","https://1001photos.s3.us-west-2.amazonaws.com/654.jpg","https://1001photos.s3.us-west-2.amazonaws.com/197.jpg","https://1001photos.s3.us-west-2.amazonaws.com/881.jpg","https://1001photos.s3.us-west-2.amazonaws.com/266.jpg","Fri May 29 2020",1,3,0
"Maurice Tillman","https://1001photos.s3.us-west-2.amazonaws.com/561.jpg","https://1001photos.s3.us-west-2.amazonaws.com/931.jpg","https://1001photos.s3.us-west-2.amazonaws.com/648.jpg","https://1001photos.s3.us-west-2.amazonaws.com/976.jpg","https://1001photos.s3.us-west-2.amazonaws.com/429.jpg","https://1001photos.s3.us-west-2.amazonaws.com/151.jpg","https://1001photos.s3.us-west-2.amazonaws.com/707.jpg","https://1001photos.s3.us-west-2.amazonaws.com/23.jpg","https://1001photos.s3.us-west-2.amazonaws.com/865.jpg","https://1001photos.s3.us-west-2.amazonaws.com/182.jpg","https://1001photos.s3.us-west-2.amazonaws.com/138.jpg","https://1001photos.s3.us-west-2.amazonaws.com/708.jpg","Fri May 29 2020",1,3,0
"Amelie Graham","https://1001photos.s3.us-west-2.amazonaws.com/695.jpg","https://1001photos.s3.us-west-2.amazonaws.com/418.jpg","https://1001photos.s3.us-west-2.amazonaws.com/266.jpg","https://1001photos.s3.us-west-2.amazonaws.com/969.jpg","https://1001photos.s3.us-west-2.amazonaws.com/269.jpg","https://1001photos.s3.us-west-2.amazonaws.com/413.jpg","https://1001photos.s3.us-west-2.amazonaws.com/570.jpg","https://1001photos.s3.us-west-2.amazonaws.com/981.jpg","https://1001photos.s3.us-west-2.amazonaws.com/731.jpg","https://1001photos.s3.us-west-2.amazonaws.com/432.jpg","https://1001photos.s3.us-west-2.amazonaws.com/429.jpg","https://1001photos.s3.us-west-2.amazonaws.com/107.jpg","Fri May 29 2020",2,1,0
"Nat Hilpert DVM","https://1001photos.s3.us-west-2.amazonaws.com/538.jpg","https://1001photos.s3.us-west-2.amazonaws.com/923.jpg","https://1001photos.s3.us-west-2.amazonaws.com/659.jpg","https://1001photos.s3.us-west-2.amazonaws.com/54.jpg","https://1001photos.s3.us-west-2.amazonaws.com/360.jpg","https://1001photos.s3.us-west-2.amazonaws.com/79.jpg","https://1001photos.s3.us-west-2.amazonaws.com/928.jpg","https://1001photos.s3.us-west-2.amazonaws.com/269.jpg","https://1001photos.s3.us-west-2.amazonaws.com/615.jpg","https://1001photos.s3.us-west-2.amazonaws.com/329.jpg","https://1001photos.s3.us-west-2.amazonaws.com/613.jpg","https://1001photos.s3.us-west-2.amazonaws.com/723.jpg","Fri May 29 2020",0,3,0
"Jensen Homenick","https://1001photos.s3.us-west-2.amazonaws.com/565.jpg","https://1001photos.s3.us-west-2.amazonaws.com/134.jpg","https://1001photos.s3.us-west-2.amazonaws.com/929.jpg","https://1001photos.s3.us-west-2.amazonaws.com/971.jpg","https://1001photos.s3.us-west-2.amazonaws.com/383.jpg","https://1001photos.s3.us-west-2.amazonaws.com/741.jpg","https://1001photos.s3.us-west-2.amazonaws.com/341.jpg","https://1001photos.s3.us-west-2.amazonaws.com/544.jpg","https://1001photos.s3.us-west-2.amazonaws.com/802.jpg","https://1001photos.s3.us-west-2.amazonaws.com/366.jpg","https://1001photos.s3.us-west-2.amazonaws.com/629.jpg","https://1001photos.s3.us-west-2.amazonaws.com/603.jpg","Fri May 29 2020",3,3,0
"Anika Hegmann","https://1001photos.s3.us-west-2.amazonaws.com/214.jpg","https://1001photos.s3.us-west-2.amazonaws.com/647.jpg","https://1001photos.s3.us-west-2.amazonaws.com/687.jpg","https://1001photos.s3.us-west-2.amazonaws.com/187.jpg","https://1001photos.s3.us-west-2.amazonaws.com/141.jpg","https://1001photos.s3.us-west-2.amazonaws.com/674.jpg","https://1001photos.s3.us-west-2.amazonaws.com/841.jpg","https://1001photos.s3.us-west-2.amazonaws.com/72.jpg","https://1001photos.s3.us-west-2.amazonaws.com/831.jpg","https://1001photos.s3.us-west-2.amazonaws.com/131.jpg","https://1001photos.s3.us-west-2.amazonaws.com/403.jpg","https://1001photos.s3.us-west-2.amazonaws.com/72.jpg","Fri May 29 2020",1,1,0
"Lloyd Schmeler MD","https://1001photos.s3.us-west-2.amazonaws.com/759.jpg","https://1001photos.s3.us-west-2.amazonaws.com/592.jpg","https://1001photos.s3.us-west-2.amazonaws.com/587.jpg","https://1001photos.s3.us-west-2.amazonaws.com/942.jpg","https://1001photos.s3.us-west-2.amazonaws.com/70.jpg","https://1001photos.s3.us-west-2.amazonaws.com/532.jpg","https://1001photos.s3.us-west-2.amazonaws.com/435.jpg","https://1001photos.s3.us-west-2.amazonaws.com/468.jpg","https://1001photos.s3.us-west-2.amazonaws.com/461.jpg","https://1001photos.s3.us-west-2.amazonaws.com/339.jpg","https://1001photos.s3.us-west-2.amazonaws.com/791.jpg","https://1001photos.s3.us-west-2.amazonaws.com/923.jpg","Fri May 29 2020",4,1,0
"Renee Rogahn","https://1001photos.s3.us-west-2.amazonaws.com/160.jpg","https://1001photos.s3.us-west-2.amazonaws.com/703.jpg","https://1001photos.s3.us-west-2.amazonaws.com/108.jpg","https://1001photos.s3.us-west-2.amazonaws.com/140.jpg","https://1001photos.s3.us-west-2.amazonaws.com/914.jpg","https://1001photos.s3.us-west-2.amazonaws.com/596.jpg","https://1001photos.s3.us-west-2.amazonaws.com/440.jpg","https://1001photos.s3.us-west-2.amazonaws.com/450.jpg","https://1001photos.s3.us-west-2.amazonaws.com/321.jpg","https://1001photos.s3.us-west-2.amazonaws.com/204.jpg","https://1001photos.s3.us-west-2.amazonaws.com/991.jpg","https://1001photos.s3.us-west-2.amazonaws.com/368.jpg","Fri May 29 2020",1,2,0
"Maybell Kuhn MD","https://1001photos.s3.us-west-2.amazonaws.com/128.jpg","https://1001photos.s3.us-west-2.amazonaws.com/95.jpg","https://1001photos.s3.us-west-2.amazonaws.com/474.jpg","https://1001photos.s3.us-west-2.amazonaws.com/84.jpg","https://1001photos.s3.us-west-2.amazonaws.com/628.jpg","https://1001photos.s3.us-west-2.amazonaws.com/366.jpg","https://1001photos.s3.us-west-2.amazonaws.com/989.jpg","https://1001photos.s3.us-west-2.amazonaws.com/702.jpg","https://1001photos.s3.us-west-2.amazonaws.com/811.jpg","https://1001photos.s3.us-west-2.amazonaws.com/443.jpg","https://1001photos.s3.us-west-2.amazonaws.com/897.jpg","https://1001photos.s3.us-west-2.amazonaws.com/825.jpg","Fri May 29 2020",1,1,0
"Maurice Nikolaus","https://1001photos.s3.us-west-2.amazonaws.com/744.jpg","https://1001photos.s3.us-west-2.amazonaws.com/745.jpg","https://1001photos.s3.us-west-2.amazonaws.com/588.jpg","https://1001photos.s3.us-west-2.amazonaws.com/895.jpg","https://1001photos.s3.us-west-2.amazonaws.com/584.jpg","https://1001photos.s3.us-west-2.amazonaws.com/543.jpg","https://1001photos.s3.us-west-2.amazonaws.com/904.jpg","https://1001photos.s3.us-west-2.amazonaws.com/577.jpg","https://1001photos.s3.us-west-2.amazonaws.com/162.jpg","https://1001photos.s3.us-west-2.amazonaws.com/341.jpg","https://1001photos.s3.us-west-2.amazonaws.com/960.jpg","https://1001photos.s3.us-west-2.amazonaws.com/928.jpg","Fri May 29 2020",2,1,0
"Tony Altenwerth","https://1001photos.s3.us-west-2.amazonaws.com/395.jpg","https://1001photos.s3.us-west-2.amazonaws.com/685.jpg","https://1001photos.s3.us-west-2.amazonaws.com/550.jpg","https://1001photos.s3.us-west-2.amazonaws.com/438.jpg","https://1001photos.s3.us-west-2.amazonaws.com/652.jpg","https://1001photos.s3.us-west-2.amazonaws.com/255.jpg","https://1001photos.s3.us-west-2.amazonaws.com/296.jpg","https://1001photos.s3.us-west-2.amazonaws.com/387.jpg","https://1001photos.s3.us-west-2.amazonaws.com/227.jpg","https://1001photos.s3.us-west-2.amazonaws.com/503.jpg","https://1001photos.s3.us-west-2.amazonaws.com/984.jpg","https://1001photos.s3.us-west-2.amazonaws.com/435.jpg","Fri May 29 2020",3,1,0
"Lonzo Fadel","https://1001photos.s3.us-west-2.amazonaws.com/209.jpg","https://1001photos.s3.us-west-2.amazonaws.com/586.jpg","https://1001photos.s3.us-west-2.amazonaws.com/876.jpg","https://1001photos.s3.us-west-2.amazonaws.com/43.jpg","https://1001photos.s3.us-west-2.amazonaws.com/872.jpg","https://1001photos.s3.us-west-2.amazonaws.com/595.jpg","https://1001photos.s3.us-west-2.amazonaws.com/574.jpg","https://1001photos.s3.us-west-2.amazonaws.com/693.jpg","https://1001photos.s3.us-west-2.amazonaws.com/502.jpg","https://1001photos.s3.us-west-2.amazonaws.com/14.jpg","https://1001photos.s3.us-west-2.amazonaws.com/622.jpg","https://1001photos.s3.us-west-2.amazonaws.com/912.jpg","Fri May 29 2020",4,3,0
"Holden Bogisich V","https://1001photos.s3.us-west-2.amazonaws.com/502.jpg","https://1001photos.s3.us-west-2.amazonaws.com/628.jpg","https://1001photos.s3.us-west-2.amazonaws.com/908.jpg","https://1001photos.s3.us-west-2.amazonaws.com/427.jpg","https://1001photos.s3.us-west-2.amazonaws.com/856.jpg","https://1001photos.s3.us-west-2.amazonaws.com/439.jpg","https://1001photos.s3.us-west-2.amazonaws.com/126.jpg","https://1001photos.s3.us-west-2.amazonaws.com/521.jpg","https://1001photos.s3.us-west-2.amazonaws.com/282.jpg","https://1001photos.s3.us-west-2.amazonaws.com/623.jpg","https://1001photos.s3.us-west-2.amazonaws.com/143.jpg","https://1001photos.s3.us-west-2.amazonaws.com/812.jpg","Fri May 29 2020",3,1,0
"Rashawn Parker II","https://1001photos.s3.us-west-2.amazonaws.com/375.jpg","https://1001photos.s3.us-west-2.amazonaws.com/591.jpg","https://1001photos.s3.us-west-2.amazonaws.com/211.jpg","https://1001photos.s3.us-west-2.amazonaws.com/99.jpg","https://1001photos.s3.us-west-2.amazonaws.com/152.jpg","https://1001photos.s3.us-west-2.amazonaws.com/561.jpg","https://1001photos.s3.us-west-2.amazonaws.com/544.jpg","https://1001photos.s3.us-west-2.amazonaws.com/906.jpg","https://1001photos.s3.us-west-2.amazonaws.com/736.jpg","https://1001photos.s3.us-west-2.amazonaws.com/855.jpg","https://1001photos.s3.us-west-2.amazonaws.com/347.jpg","https://1001photos.s3.us-west-2.amazonaws.com/704.jpg","Fri May 29 2020",4,1,0
"Valerie Hilll","https://1001photos.s3.us-west-2.amazonaws.com/729.jpg","https://1001photos.s3.us-west-2.amazonaws.com/326.jpg","https://1001photos.s3.us-west-2.amazonaws.com/512.jpg","https://1001photos.s3.us-west-2.amazonaws.com/709.jpg","https://1001photos.s3.us-west-2.amazonaws.com/43.jpg","https://1001photos.s3.us-west-2.amazonaws.com/774.jpg","https://1001photos.s3.us-west-2.amazonaws.com/34.jpg","https://1001photos.s3.us-west-2.amazonaws.com/115.jpg","https://1001photos.s3.us-west-2.amazonaws.com/5.jpg","https://1001photos.s3.us-west-2.amazonaws.com/98.jpg","https://1001photos.s3.us-west-2.amazonaws.com/659.jpg","https://1001photos.s3.us-west-2.amazonaws.com/7.jpg","Fri May 29 2020",3,3,0
"London Berge","https://1001photos.s3.us-west-2.amazonaws.com/94.jpg","https://1001photos.s3.us-west-2.amazonaws.com/870.jpg","https://1001photos.s3.us-west-2.amazonaws.com/530.jpg","https://1001photos.s3.us-west-2.amazonaws.com/152.jpg","https://1001photos.s3.us-west-2.amazonaws.com/846.jpg","https://1001photos.s3.us-west-2.amazonaws.com/478.jpg","https://1001photos.s3.us-west-2.amazonaws.com/389.jpg","https://1001photos.s3.us-west-2.amazonaws.com/528.jpg","https://1001photos.s3.us-west-2.amazonaws.com/771.jpg","https://1001photos.s3.us-west-2.amazonaws.com/403.jpg","https://1001photos.s3.us-west-2.amazonaws.com/479.jpg","https://1001photos.s3.us-west-2.amazonaws.com/76.jpg","Fri May 29 2020",4,3,0
"Toney Friesen","https://1001photos.s3.us-west-2.amazonaws.com/596.jpg","https://1001photos.s3.us-west-2.amazonaws.com/8.jpg","https://1001photos.s3.us-west-2.amazonaws.com/544.jpg","https://1001photos.s3.us-west-2.amazonaws.com/589.jpg","https://1001photos.s3.us-west-2.amazonaws.com/858.jpg","https://1001photos.s3.us-west-2.amazonaws.com/290.jpg","https://1001photos.s3.us-west-2.amazonaws.com/481.jpg","https://1001photos.s3.us-west-2.amazonaws.com/942.jpg","https://1001photos.s3.us-west-2.amazonaws.com/987.jpg","https://1001photos.s3.us-west-2.amazonaws.com/632.jpg","https://1001photos.s3.us-west-2.amazonaws.com/463.jpg","https://1001photos.s3.us-west-2.amazonaws.com/259.jpg","Fri May 29 2020",0,2,0
"Verlie Ortiz DVM","https://1001photos.s3.us-west-2.amazonaws.com/226.jpg","https://1001photos.s3.us-west-2.amazonaws.com/819.jpg","https://1001photos.s3.us-west-2.amazonaws.com/401.jpg","https://1001photos.s3.us-west-2.amazonaws.com/316.jpg","https://1001photos.s3.us-west-2.amazonaws.com/47.jpg","https://1001photos.s3.us-west-2.amazonaws.com/245.jpg","https://1001photos.s3.us-west-2.amazonaws.com/143.jpg","https://1001photos.s3.us-west-2.amazonaws.com/841.jpg","https://1001photos.s3.us-west-2.amazonaws.com/822.jpg","https://1001photos.s3.us-west-2.amazonaws.com/747.jpg","https://1001photos.s3.us-west-2.amazonaws.com/223.jpg","https://1001photos.s3.us-west-2.amazonaws.com/470.jpg","Fri May 29 2020",3,0,0
"Damien Steuber","https://1001photos.s3.us-west-2.amazonaws.com/358.jpg","https://1001photos.s3.us-west-2.amazonaws.com/123.jpg","https://1001photos.s3.us-west-2.amazonaws.com/873.jpg","https://1001photos.s3.us-west-2.amazonaws.com/264.jpg","https://1001photos.s3.us-west-2.amazonaws.com/700.jpg","https://1001photos.s3.us-west-2.amazonaws.com/776.jpg","https://1001photos.s3.us-west-2.amazonaws.com/615.jpg","https://1001photos.s3.us-west-2.amazonaws.com/653.jpg","https://1001photos.s3.us-west-2.amazonaws.com/190.jpg","https://1001photos.s3.us-west-2.amazonaws.com/672.jpg","https://1001photos.s3.us-west-2.amazonaws.com/683.jpg","https://1001photos.s3.us-west-2.amazonaws.com/114.jpg","Fri May 29 2020",3,3,0
"Chelsie Roberts","https://1001photos.s3.us-west-2.amazonaws.com/144.jpg","https://1001photos.s3.us-west-2.amazonaws.com/473.jpg","https://1001photos.s3.us-west-2.amazonaws.com/993.jpg","https://1001photos.s3.us-west-2.amazonaws.com/386.jpg","https://1001photos.s3.us-west-2.amazonaws.com/457.jpg","https://1001photos.s3.us-west-2.amazonaws.com/75.jpg","https://1001photos.s3.us-west-2.amazonaws.com/282.jpg","https://1001photos.s3.us-west-2.amazonaws.com/456.jpg","https://1001photos.s3.us-west-2.amazonaws.com/661.jpg","https://1001photos.s3.us-west-2.amazonaws.com/93.jpg","https://1001photos.s3.us-west-2.amazonaws.com/21.jpg","https://1001photos.s3.us-west-2.amazonaws.com/481.jpg","Fri May 29 2020",3,3,0
"Sheila Parker","https://1001photos.s3.us-west-2.amazonaws.com/679.jpg","https://1001photos.s3.us-west-2.amazonaws.com/607.jpg","https://1001photos.s3.us-west-2.amazonaws.com/561.jpg","https://1001photos.s3.us-west-2.amazonaws.com/275.jpg","https://1001photos.s3.us-west-2.amazonaws.com/995.jpg","https://1001photos.s3.us-west-2.amazonaws.com/725.jpg","https://1001photos.s3.us-west-2.amazonaws.com/539.jpg","https://1001photos.s3.us-west-2.amazonaws.com/835.jpg","https://1001photos.s3.us-west-2.amazonaws.com/508.jpg","https://1001photos.s3.us-west-2.amazonaws.com/65.jpg","https://1001photos.s3.us-west-2.amazonaws.com/585.jpg","https://1001photos.s3.us-west-2.amazonaws.com/733.jpg","Fri May 29 2020",3,2,0
"Sabrina Kling","https://1001photos.s3.us-west-2.amazonaws.com/188.jpg","https://1001photos.s3.us-west-2.amazonaws.com/970.jpg","https://1001photos.s3.us-west-2.amazonaws.com/295.jpg","https://1001photos.s3.us-west-2.amazonaws.com/241.jpg","https://1001photos.s3.us-west-2.amazonaws.com/339.jpg","https://1001photos.s3.us-west-2.amazonaws.com/406.jpg","https://1001photos.s3.us-west-2.amazonaws.com/121.jpg","https://1001photos.s3.us-west-2.amazonaws.com/966.jpg","https://1001photos.s3.us-west-2.amazonaws.com/124.jpg","https://1001photos.s3.us-west-2.amazonaws.com/652.jpg","https://1001photos.s3.us-west-2.amazonaws.com/92.jpg","https://1001photos.s3.us-west-2.amazonaws.com/212.jpg","Fri May 29 2020",4,1,0
"Devonte Wintheiser","https://1001photos.s3.us-west-2.amazonaws.com/85.jpg","https://1001photos.s3.us-west-2.amazonaws.com/641.jpg","https://1001photos.s3.us-west-2.amazonaws.com/771.jpg","https://1001photos.s3.us-west-2.amazonaws.com/565.jpg","https://1001photos.s3.us-west-2.amazonaws.com/952.jpg","https://1001photos.s3.us-west-2.amazonaws.com/866.jpg","https://1001photos.s3.us-west-2.amazonaws.com/453.jpg","https://1001photos.s3.us-west-2.amazonaws.com/995.jpg","https://1001photos.s3.us-west-2.amazonaws.com/449.jpg","https://1001photos.s3.us-west-2.amazonaws.com/312.jpg","https://1001photos.s3.us-west-2.amazonaws.com/29.jpg","https://1001photos.s3.us-west-2.amazonaws.com/882.jpg","Fri May 29 2020",4,0,0
"Adriel Brown","https://1001photos.s3.us-west-2.amazonaws.com/479.jpg","https://1001photos.s3.us-west-2.amazonaws.com/877.jpg","https://1001photos.s3.us-west-2.amazonaws.com/506.jpg","https://1001photos.s3.us-west-2.amazonaws.com/200.jpg","https://1001photos.s3.us-west-2.amazonaws.com/446.jpg","https://1001photos.s3.us-west-2.amazonaws.com/818.jpg","https://1001photos.s3.us-west-2.amazonaws.com/592.jpg","https://1001photos.s3.us-west-2.amazonaws.com/131.jpg","https://1001photos.s3.us-west-2.amazonaws.com/115.jpg","https://1001photos.s3.us-west-2.amazonaws.com/63.jpg","https://1001photos.s3.us-west-2.amazonaws.com/469.jpg","https://1001photos.s3.us-west-2.amazonaws.com/419.jpg","Fri May 29 2020",3,4,0
"Harmon Pollich","https://1001photos.s3.us-west-2.amazonaws.com/996.jpg","https://1001photos.s3.us-west-2.amazonaws.com/190.jpg","https://1001photos.s3.us-west-2.amazonaws.com/722.jpg","https://1001photos.s3.us-west-2.amazonaws.com/296.jpg","https://1001photos.s3.us-west-2.amazonaws.com/277.jpg","https://1001photos.s3.us-west-2.amazonaws.com/714.jpg","https://1001photos.s3.us-west-2.amazonaws.com/814.jpg","https://1001photos.s3.us-west-2.amazonaws.com/935.jpg","https://1001photos.s3.us-west-2.amazonaws.com/443.jpg","https://1001photos.s3.us-west-2.amazonaws.com/140.jpg","https://1001photos.s3.us-west-2.amazonaws.com/884.jpg","https://1001photos.s3.us-west-2.amazonaws.com/644.jpg","Fri May 29 2020",1,0,0
"Greta Wisozk","https://1001photos.s3.us-west-2.amazonaws.com/778.jpg","https://1001photos.s3.us-west-2.amazonaws.com/534.jpg","https://1001photos.s3.us-west-2.amazonaws.com/413.jpg","https://1001photos.s3.us-west-2.amazonaws.com/468.jpg","https://1001photos.s3.us-west-2.amazonaws.com/740.jpg","https://1001photos.s3.us-west-2.amazonaws.com/855.jpg","https://1001photos.s3.us-west-2.amazonaws.com/128.jpg","https://1001photos.s3.us-west-2.amazonaws.com/725.jpg","https://1001photos.s3.us-west-2.amazonaws.com/51.jpg","https://1001photos.s3.us-west-2.amazonaws.com/844.jpg","https://1001photos.s3.us-west-2.amazonaws.com/561.jpg","https://1001photos.s3.us-west-2.amazonaws.com/629.jpg","Fri May 29 2020",0,4,0
"Adolfo Labadie","https://1001photos.s3.us-west-2.amazonaws.com/882.jpg","https://1001photos.s3.us-west-2.amazonaws.com/938.jpg","https://1001photos.s3.us-west-2.amazonaws.com/750.jpg","https://1001photos.s3.us-west-2.amazonaws.com/322.jpg","https://1001photos.s3.us-west-2.amazonaws.com/157.jpg","https://1001photos.s3.us-west-2.amazonaws.com/725.jpg","https://1001photos.s3.us-west-2.amazonaws.com/42.jpg","https://1001photos.s3.us-west-2.amazonaws.com/90.jpg","https://1001photos.s3.us-west-2.amazonaws.com/720.jpg","https://1001photos.s3.us-west-2.amazonaws.com/585.jpg","https://1001photos.s3.us-west-2.amazonaws.com/763.jpg","https://1001photos.s3.us-west-2.amazonaws.com/201.jpg","Fri May 29 2020",0,3,0
"Blake Bogisich IV","https://1001photos.s3.us-west-2.amazonaws.com/537.jpg","https://1001photos.s3.us-west-2.amazonaws.com/93.jpg","https://1001photos.s3.us-west-2.amazonaws.com/944.jpg","https://1001photos.s3.us-west-2.amazonaws.com/417.jpg","https://1001photos.s3.us-west-2.amazonaws.com/449.jpg","https://1001photos.s3.us-west-2.amazonaws.com/757.jpg","https://1001photos.s3.us-west-2.amazonaws.com/469.jpg","https://1001photos.s3.us-west-2.amazonaws.com/140.jpg","https://1001photos.s3.us-west-2.amazonaws.com/539.jpg","https://1001photos.s3.us-west-2.amazonaws.com/527.jpg","https://1001photos.s3.us-west-2.amazonaws.com/691.jpg","https://1001photos.s3.us-west-2.amazonaws.com/583.jpg","Fri May 29 2020",4,4,0
"Herman Mraz","https://1001photos.s3.us-west-2.amazonaws.com/164.jpg","https://1001photos.s3.us-west-2.amazonaws.com/904.jpg","https://1001photos.s3.us-west-2.amazonaws.com/39.jpg","https://1001photos.s3.us-west-2.amazonaws.com/361.jpg","https://1001photos.s3.us-west-2.amazonaws.com/736.jpg","https://1001photos.s3.us-west-2.amazonaws.com/484.jpg","https://1001photos.s3.us-west-2.amazonaws.com/873.jpg","https://1001photos.s3.us-west-2.amazonaws.com/819.jpg","https://1001photos.s3.us-west-2.amazonaws.com/688.jpg","https://1001photos.s3.us-west-2.amazonaws.com/941.jpg","https://1001photos.s3.us-west-2.amazonaws.com/959.jpg","https://1001photos.s3.us-west-2.amazonaws.com/577.jpg","Fri May 29 2020",2,3,0
"Wyman Corkery","https://1001photos.s3.us-west-2.amazonaws.com/346.jpg","https://1001photos.s3.us-west-2.amazonaws.com/219.jpg","https://1001photos.s3.us-west-2.amazonaws.com/115.jpg","https://1001photos.s3.us-west-2.amazonaws.com/778.jpg","https://1001photos.s3.us-west-2.amazonaws.com/388.jpg","https://1001photos.s3.us-west-2.amazonaws.com/133.jpg","https://1001photos.s3.us-west-2.amazonaws.com/890.jpg","https://1001photos.s3.us-west-2.amazonaws.com/868.jpg","https://1001photos.s3.us-west-2.amazonaws.com/177.jpg","https://1001photos.s3.us-west-2.amazonaws.com/203.jpg","https://1001photos.s3.us-west-2.amazonaws.com/773.jpg","https://1001photos.s3.us-west-2.amazonaws.com/66.jpg","Fri May 29 2020",2,0,0
"Trystan Greenfelder","https://1001photos.s3.us-west-2.amazonaws.com/970.jpg","https://1001photos.s3.us-west-2.amazonaws.com/870.jpg","https://1001photos.s3.us-west-2.amazonaws.com/738.jpg","https://1001photos.s3.us-west-2.amazonaws.com/447.jpg","https://1001photos.s3.us-west-2.amazonaws.com/356.jpg","https://1001photos.s3.us-west-2.amazonaws.com/190.jpg","https://1001photos.s3.us-west-2.amazonaws.com/749.jpg","https://1001photos.s3.us-west-2.amazonaws.com/917.jpg","https://1001photos.s3.us-west-2.amazonaws.com/315.jpg","https://1001photos.s3.us-west-2.amazonaws.com/517.jpg","https://1001photos.s3.us-west-2.amazonaws.com/60.jpg","https://1001photos.s3.us-west-2.amazonaws.com/412.jpg","Fri May 29 2020",3,3,0
"Letha Swift Sr.","https://1001photos.s3.us-west-2.amazonaws.com/161.jpg","https://1001photos.s3.us-west-2.amazonaws.com/659.jpg","https://1001photos.s3.us-west-2.amazonaws.com/486.jpg","https://1001photos.s3.us-west-2.amazonaws.com/946.jpg","https://1001photos.s3.us-west-2.amazonaws.com/875.jpg","https://1001photos.s3.us-west-2.amazonaws.com/773.jpg","https://1001photos.s3.us-west-2.amazonaws.com/636.jpg","https://1001photos.s3.us-west-2.amazonaws.com/663.jpg","https://1001photos.s3.us-west-2.amazonaws.com/132.jpg","https://1001photos.s3.us-west-2.amazonaws.com/868.jpg","https://1001photos.s3.us-west-2.amazonaws.com/177.jpg","https://1001photos.s3.us-west-2.amazonaws.com/831.jpg","Fri May 29 2020",3,3,0
"Joannie Kemmer","https://1001photos.s3.us-west-2.amazonaws.com/424.jpg","https://1001photos.s3.us-west-2.amazonaws.com/245.jpg","https://1001photos.s3.us-west-2.amazonaws.com/646.jpg","https://1001photos.s3.us-west-2.amazonaws.com/607.jpg","https://1001photos.s3.us-west-2.amazonaws.com/530.jpg","https://1001photos.s3.us-west-2.amazonaws.com/589.jpg","https://1001photos.s3.us-west-2.amazonaws.com/839.jpg","https://1001photos.s3.us-west-2.amazonaws.com/858.jpg","https://1001photos.s3.us-west-2.amazonaws.com/871.jpg","https://1001photos.s3.us-west-2.amazonaws.com/132.jpg","https://1001photos.s3.us-west-2.amazonaws.com/624.jpg","https://1001photos.s3.us-west-2.amazonaws.com/773.jpg","Fri May 29 2020",2,4,0
"Jesse Konopelski","https://1001photos.s3.us-west-2.amazonaws.com/285.jpg","https://1001photos.s3.us-west-2.amazonaws.com/137.jpg","https://1001photos.s3.us-west-2.amazonaws.com/229.jpg","https://1001photos.s3.us-west-2.amazonaws.com/992.jpg","https://1001photos.s3.us-west-2.amazonaws.com/576.jpg","https://1001photos.s3.us-west-2.amazonaws.com/845.jpg","https://1001photos.s3.us-west-2.amazonaws.com/141.jpg","https://1001photos.s3.us-west-2.amazonaws.com/962.jpg","https://1001photos.s3.us-west-2.amazonaws.com/966.jpg","https://1001photos.s3.us-west-2.amazonaws.com/273.jpg","https://1001photos.s3.us-west-2.amazonaws.com/667.jpg","https://1001photos.s3.us-west-2.amazonaws.com/55.jpg","Fri May 29 2020",0,2,0
"Jeffery Schmeler","https://1001photos.s3.us-west-2.amazonaws.com/33.jpg","https://1001photos.s3.us-west-2.amazonaws.com/587.jpg","https://1001photos.s3.us-west-2.amazonaws.com/399.jpg","https://1001photos.s3.us-west-2.amazonaws.com/882.jpg","https://1001photos.s3.us-west-2.amazonaws.com/285.jpg","https://1001photos.s3.us-west-2.amazonaws.com/889.jpg","https://1001photos.s3.us-west-2.amazonaws.com/997.jpg","https://1001photos.s3.us-west-2.amazonaws.com/466.jpg","https://1001photos.s3.us-west-2.amazonaws.com/700.jpg","https://1001photos.s3.us-west-2.amazonaws.com/748.jpg","https://1001photos.s3.us-west-2.amazonaws.com/698.jpg","https://1001photos.s3.us-west-2.amazonaws.com/201.jpg","Fri May 29 2020",4,1,0
"Eldon Cummerata","https://1001photos.s3.us-west-2.amazonaws.com/996.jpg","https://1001photos.s3.us-west-2.amazonaws.com/369.jpg","https://1001photos.s3.us-west-2.amazonaws.com/713.jpg","https://1001photos.s3.us-west-2.amazonaws.com/445.jpg","https://1001photos.s3.us-west-2.amazonaws.com/113.jpg","https://1001photos.s3.us-west-2.amazonaws.com/554.jpg","https://1001photos.s3.us-west-2.amazonaws.com/895.jpg","https://1001photos.s3.us-west-2.amazonaws.com/882.jpg","https://1001photos.s3.us-west-2.amazonaws.com/516.jpg","https://1001photos.s3.us-west-2.amazonaws.com/684.jpg","https://1001photos.s3.us-west-2.amazonaws.com/840.jpg","https://1001photos.s3.us-west-2.amazonaws.com/772.jpg","Fri May 29 2020",2,0,0
"Celia Lynch","https://1001photos.s3.us-west-2.amazonaws.com/260.jpg","https://1001photos.s3.us-west-2.amazonaws.com/602.jpg","https://1001photos.s3.us-west-2.amazonaws.com/269.jpg","https://1001photos.s3.us-west-2.amazonaws.com/419.jpg","https://1001photos.s3.us-west-2.amazonaws.com/49.jpg","https://1001photos.s3.us-west-2.amazonaws.com/23.jpg","https://1001photos.s3.us-west-2.amazonaws.com/825.jpg","https://1001photos.s3.us-west-2.amazonaws.com/206.jpg","https://1001photos.s3.us-west-2.amazonaws.com/632.jpg","https://1001photos.s3.us-west-2.amazonaws.com/222.jpg","https://1001photos.s3.us-west-2.amazonaws.com/63.jpg","https://1001photos.s3.us-west-2.amazonaws.com/443.jpg","Fri May 29 2020",0,2,0
"Jaunita Zemlak","https://1001photos.s3.us-west-2.amazonaws.com/399.jpg","https://1001photos.s3.us-west-2.amazonaws.com/186.jpg","https://1001photos.s3.us-west-2.amazonaws.com/37.jpg","https://1001photos.s3.us-west-2.amazonaws.com/454.jpg","https://1001photos.s3.us-west-2.amazonaws.com/23.jpg","https://1001photos.s3.us-west-2.amazonaws.com/57.jpg","https://1001photos.s3.us-west-2.amazonaws.com/455.jpg","https://1001photos.s3.us-west-2.amazonaws.com/790.jpg","https://1001photos.s3.us-west-2.amazonaws.com/273.jpg","https://1001photos.s3.us-west-2.amazonaws.com/792.jpg","https://1001photos.s3.us-west-2.amazonaws.com/71.jpg","https://1001photos.s3.us-west-2.amazonaws.com/133.jpg","Fri May 29 2020",2,3,0
"Khalid Stiedemann","https://1001photos.s3.us-west-2.amazonaws.com/625.jpg","https://1001photos.s3.us-west-2.amazonaws.com/96.jpg","https://1001photos.s3.us-west-2.amazonaws.com/316.jpg","https://1001photos.s3.us-west-2.amazonaws.com/748.jpg","https://1001photos.s3.us-west-2.amazonaws.com/994.jpg","https://1001photos.s3.us-west-2.amazonaws.com/89.jpg","https://1001photos.s3.us-west-2.amazonaws.com/947.jpg","https://1001photos.s3.us-west-2.amazonaws.com/796.jpg","https://1001photos.s3.us-west-2.amazonaws.com/851.jpg","https://1001photos.s3.us-west-2.amazonaws.com/352.jpg","https://1001photos.s3.us-west-2.amazonaws.com/153.jpg","https://1001photos.s3.us-west-2.amazonaws.com/131.jpg","Fri May 29 2020",2,0,0
"Fae Effertz","https://1001photos.s3.us-west-2.amazonaws.com/373.jpg","https://1001photos.s3.us-west-2.amazonaws.com/553.jpg","https://1001photos.s3.us-west-2.amazonaws.com/843.jpg","https://1001photos.s3.us-west-2.amazonaws.com/210.jpg","https://1001photos.s3.us-west-2.amazonaws.com/279.jpg","https://1001photos.s3.us-west-2.amazonaws.com/392.jpg","https://1001photos.s3.us-west-2.amazonaws.com/118.jpg","https://1001photos.s3.us-west-2.amazonaws.com/754.jpg","https://1001photos.s3.us-west-2.amazonaws.com/604.jpg","https://1001photos.s3.us-west-2.amazonaws.com/293.jpg","https://1001photos.s3.us-west-2.amazonaws.com/70.jpg","https://1001photos.s3.us-west-2.amazonaws.com/811.jpg","Fri May 29 2020",4,4,0
"Colton Daugherty DVM","https://1001photos.s3.us-west-2.amazonaws.com/725.jpg","https://1001photos.s3.us-west-2.amazonaws.com/186.jpg","https://1001photos.s3.us-west-2.amazonaws.com/126.jpg","https://1001photos.s3.us-west-2.amazonaws.com/346.jpg","https://1001photos.s3.us-west-2.amazonaws.com/530.jpg","https://1001photos.s3.us-west-2.amazonaws.com/501.jpg","https://1001photos.s3.us-west-2.amazonaws.com/63.jpg","https://1001photos.s3.us-west-2.amazonaws.com/66.jpg","https://1001photos.s3.us-west-2.amazonaws.com/83.jpg","https://1001photos.s3.us-west-2.amazonaws.com/131.jpg","https://1001photos.s3.us-west-2.amazonaws.com/837.jpg","https://1001photos.s3.us-west-2.amazonaws.com/4.jpg","Fri May 29 2020",0,0,0
"Camylle Moore","https://1001photos.s3.us-west-2.amazonaws.com/815.jpg","https://1001photos.s3.us-west-2.amazonaws.com/12.jpg","https://1001photos.s3.us-west-2.amazonaws.com/758.jpg","https://1001photos.s3.us-west-2.amazonaws.com/638.jpg","https://1001photos.s3.us-west-2.amazonaws.com/14.jpg","https://1001photos.s3.us-west-2.amazonaws.com/653.jpg","https://1001photos.s3.us-west-2.amazonaws.com/109.jpg","https://1001photos.s3.us-west-2.amazonaws.com/358.jpg","https://1001photos.s3.us-west-2.amazonaws.com/441.jpg","https://1001photos.s3.us-west-2.amazonaws.com/958.jpg","https://1001photos.s3.us-west-2.amazonaws.com/254.jpg","https://1001photos.s3.us-west-2.amazonaws.com/430.jpg","Fri May 29 2020",2,4,0
"Ms. Wiley Upton","https://1001photos.s3.us-west-2.amazonaws.com/86.jpg","https://1001photos.s3.us-west-2.amazonaws.com/682.jpg","https://1001photos.s3.us-west-2.amazonaws.com/197.jpg","https://1001photos.s3.us-west-2.amazonaws.com/330.jpg","https://1001photos.s3.us-west-2.amazonaws.com/207.jpg","https://1001photos.s3.us-west-2.amazonaws.com/328.jpg","https://1001photos.s3.us-west-2.amazonaws.com/631.jpg","https://1001photos.s3.us-west-2.amazonaws.com/969.jpg","https://1001photos.s3.us-west-2.amazonaws.com/331.jpg","https://1001photos.s3.us-west-2.amazonaws.com/423.jpg","https://1001photos.s3.us-west-2.amazonaws.com/917.jpg","https://1001photos.s3.us-west-2.amazonaws.com/672.jpg","Fri May 29 2020",3,1,0
"Juvenal Legros","https://1001photos.s3.us-west-2.amazonaws.com/882.jpg","https://1001photos.s3.us-west-2.amazonaws.com/979.jpg","https://1001photos.s3.us-west-2.amazonaws.com/136.jpg","https://1001photos.s3.us-west-2.amazonaws.com/3.jpg","https://1001photos.s3.us-west-2.amazonaws.com/375.jpg","https://1001photos.s3.us-west-2.amazonaws.com/156.jpg","https://1001photos.s3.us-west-2.amazonaws.com/963.jpg","https://1001photos.s3.us-west-2.amazonaws.com/535.jpg","https://1001photos.s3.us-west-2.amazonaws.com/866.jpg","https://1001photos.s3.us-west-2.amazonaws.com/633.jpg","https://1001photos.s3.us-west-2.amazonaws.com/593.jpg","https://1001photos.s3.us-west-2.amazonaws.com/181.jpg","Fri May 29 2020",3,0,0
"Mr. Hope Leannon","https://1001photos.s3.us-west-2.amazonaws.com/119.jpg","https://1001photos.s3.us-west-2.amazonaws.com/620.jpg","https://1001photos.s3.us-west-2.amazonaws.com/561.jpg","https://1001photos.s3.us-west-2.amazonaws.com/86.jpg","https://1001photos.s3.us-west-2.amazonaws.com/506.jpg","https://1001photos.s3.us-west-2.amazonaws.com/0.jpg","https://1001photos.s3.us-west-2.amazonaws.com/138.jpg","https://1001photos.s3.us-west-2.amazonaws.com/532.jpg","https://1001photos.s3.us-west-2.amazonaws.com/715.jpg","https://1001photos.s3.us-west-2.amazonaws.com/471.jpg","https://1001photos.s3.us-west-2.amazonaws.com/971.jpg","https://1001photos.s3.us-west-2.amazonaws.com/771.jpg","Fri May 29 2020",0,3,0
"Katelyn Schuster","https://1001photos.s3.us-west-2.amazonaws.com/237.jpg","https://1001photos.s3.us-west-2.amazonaws.com/207.jpg","https://1001photos.s3.us-west-2.amazonaws.com/327.jpg","https://1001photos.s3.us-west-2.amazonaws.com/681.jpg","https://1001photos.s3.us-west-2.amazonaws.com/905.jpg","https://1001photos.s3.us-west-2.amazonaws.com/456.jpg","https://1001photos.s3.us-west-2.amazonaws.com/127.jpg","https://1001photos.s3.us-west-2.amazonaws.com/997.jpg","https://1001photos.s3.us-west-2.amazonaws.com/731.jpg","https://1001photos.s3.us-west-2.amazonaws.com/894.jpg","https://1001photos.s3.us-west-2.amazonaws.com/719.jpg","https://1001photos.s3.us-west-2.amazonaws.com/195.jpg","Fri May 29 2020",0,2,0
"Miss Henderson Swift","https://1001photos.s3.us-west-2.amazonaws.com/78.jpg","https://1001photos.s3.us-west-2.amazonaws.com/186.jpg","https://1001photos.s3.us-west-2.amazonaws.com/233.jpg","https://1001photos.s3.us-west-2.amazonaws.com/84.jpg","https://1001photos.s3.us-west-2.amazonaws.com/135.jpg","https://1001photos.s3.us-west-2.amazonaws.com/824.jpg","https://1001photos.s3.us-west-2.amazonaws.com/72.jpg","https://1001photos.s3.us-west-2.amazonaws.com/607.jpg","https://1001photos.s3.us-west-2.amazonaws.com/923.jpg","https://1001photos.s3.us-west-2.amazonaws.com/402.jpg","https://1001photos.s3.us-west-2.amazonaws.com/289.jpg","https://1001photos.s3.us-west-2.amazonaws.com/618.jpg","Fri May 29 2020",1,4,0
"Brayan Osinski","https://1001photos.s3.us-west-2.amazonaws.com/360.jpg","https://1001photos.s3.us-west-2.amazonaws.com/154.jpg","https://1001photos.s3.us-west-2.amazonaws.com/384.jpg","https://1001photos.s3.us-west-2.amazonaws.com/535.jpg","https://1001photos.s3.us-west-2.amazonaws.com/55.jpg","https://1001photos.s3.us-west-2.amazonaws.com/948.jpg","https://1001photos.s3.us-west-2.amazonaws.com/699.jpg","https://1001photos.s3.us-west-2.amazonaws.com/155.jpg","https://1001photos.s3.us-west-2.amazonaws.com/902.jpg","https://1001photos.s3.us-west-2.amazonaws.com/278.jpg","https://1001photos.s3.us-west-2.amazonaws.com/257.jpg","https://1001photos.s3.us-west-2.amazonaws.com/151.jpg","Fri May 29 2020",0,1,0
"Stanford Schmeler","https://1001photos.s3.us-west-2.amazonaws.com/334.jpg","https://1001photos.s3.us-west-2.amazonaws.com/524.jpg","https://1001photos.s3.us-west-2.amazonaws.com/772.jpg","https://1001photos.s3.us-west-2.amazonaws.com/812.jpg","https://1001photos.s3.us-west-2.amazonaws.com/728.jpg","https://1001photos.s3.us-west-2.amazonaws.com/819.jpg","https://1001photos.s3.us-west-2.amazonaws.com/280.jpg","https://1001photos.s3.us-west-2.amazonaws.com/348.jpg","https://1001photos.s3.us-west-2.amazonaws.com/327.jpg","https://1001photos.s3.us-west-2.amazonaws.com/466.jpg","https://1001photos.s3.us-west-2.amazonaws.com/839.jpg","https://1001photos.s3.us-west-2.amazonaws.com/364.jpg","Fri May 29 2020",0,3,0
"Laverne Bartoletti","https://1001photos.s3.us-west-2.amazonaws.com/26.jpg","https://1001photos.s3.us-west-2.amazonaws.com/819.jpg","https://1001photos.s3.us-west-2.amazonaws.com/319.jpg","https://1001photos.s3.us-west-2.amazonaws.com/975.jpg","https://1001photos.s3.us-west-2.amazonaws.com/102.jpg","https://1001photos.s3.us-west-2.amazonaws.com/903.jpg","https://1001photos.s3.us-west-2.amazonaws.com/555.jpg","https://1001photos.s3.us-west-2.amazonaws.com/223.jpg","https://1001photos.s3.us-west-2.amazonaws.com/53.jpg","https://1001photos.s3.us-west-2.amazonaws.com/730.jpg","https://1001photos.s3.us-west-2.amazonaws.com/343.jpg","https://1001photos.s3.us-west-2.amazonaws.com/565.jpg","Fri May 29 2020",0,0,0
"Marcella Kemmer","https://1001photos.s3.us-west-2.amazonaws.com/765.jpg","https://1001photos.s3.us-west-2.amazonaws.com/104.jpg","https://1001photos.s3.us-west-2.amazonaws.com/987.jpg","https://1001photos.s3.us-west-2.amazonaws.com/806.jpg","https://1001photos.s3.us-west-2.amazonaws.com/576.jpg","https://1001photos.s3.us-west-2.amazonaws.com/564.jpg","https://1001photos.s3.us-west-2.amazonaws.com/132.jpg","https://1001photos.s3.us-west-2.amazonaws.com/846.jpg","https://1001photos.s3.us-west-2.amazonaws.com/396.jpg","https://1001photos.s3.us-west-2.amazonaws.com/494.jpg","https://1001photos.s3.us-west-2.amazonaws.com/547.jpg","https://1001photos.s3.us-west-2.amazonaws.com/741.jpg","Fri May 29 2020",1,2,0
"Kelly Purdy","https://1001photos.s3.us-west-2.amazonaws.com/229.jpg","https://1001photos.s3.us-west-2.amazonaws.com/927.jpg","https://1001photos.s3.us-west-2.amazonaws.com/26.jpg","https://1001photos.s3.us-west-2.amazonaws.com/244.jpg","https://1001photos.s3.us-west-2.amazonaws.com/118.jpg","https://1001photos.s3.us-west-2.amazonaws.com/382.jpg","https://1001photos.s3.us-west-2.amazonaws.com/709.jpg","https://1001photos.s3.us-west-2.amazonaws.com/229.jpg","https://1001photos.s3.us-west-2.amazonaws.com/514.jpg","https://1001photos.s3.us-west-2.amazonaws.com/951.jpg","https://1001photos.s3.us-west-2.amazonaws.com/64.jpg","https://1001photos.s3.us-west-2.amazonaws.com/68.jpg","Fri May 29 2020",2,1,0
"Noe Monahan","https://1001photos.s3.us-west-2.amazonaws.com/118.jpg","https://1001photos.s3.us-west-2.amazonaws.com/797.jpg","https://1001photos.s3.us-west-2.amazonaws.com/19.jpg","https://1001photos.s3.us-west-2.amazonaws.com/634.jpg","https://1001photos.s3.us-west-2.amazonaws.com/480.jpg","https://1001photos.s3.us-west-2.amazonaws.com/900.jpg","https://1001photos.s3.us-west-2.amazonaws.com/490.jpg","https://1001photos.s3.us-west-2.amazonaws.com/33.jpg","https://1001photos.s3.us-west-2.amazonaws.com/637.jpg","https://1001photos.s3.us-west-2.amazonaws.com/357.jpg","https://1001photos.s3.us-west-2.amazonaws.com/656.jpg","https://1001photos.s3.us-west-2.amazonaws.com/348.jpg","Fri May 29 2020",2,4,0
"Daryl Friesen","https://1001photos.s3.us-west-2.amazonaws.com/942.jpg","https://1001photos.s3.us-west-2.amazonaws.com/728.jpg","https://1001photos.s3.us-west-2.amazonaws.com/952.jpg","https://1001photos.s3.us-west-2.amazonaws.com/987.jpg","https://1001photos.s3.us-west-2.amazonaws.com/293.jpg","https://1001photos.s3.us-west-2.amazonaws.com/17.jpg","https://1001photos.s3.us-west-2.amazonaws.com/837.jpg","https://1001photos.s3.us-west-2.amazonaws.com/294.jpg","https://1001photos.s3.us-west-2.amazonaws.com/529.jpg","https://1001photos.s3.us-west-2.amazonaws.com/998.jpg","https://1001photos.s3.us-west-2.amazonaws.com/468.jpg","https://1001photos.s3.us-west-2.amazonaws.com/380.jpg","Fri May 29 2020",3,3,0
"Eda Quigley","https://1001photos.s3.us-west-2.amazonaws.com/482.jpg","https://1001photos.s3.us-west-2.amazonaws.com/634.jpg","https://1001photos.s3.us-west-2.amazonaws.com/625.jpg","https://1001photos.s3.us-west-2.amazonaws.com/328.jpg","https://1001photos.s3.us-west-2.amazonaws.com/956.jpg","https://1001photos.s3.us-west-2.amazonaws.com/64.jpg","https://1001photos.s3.us-west-2.amazonaws.com/408.jpg","https://1001photos.s3.us-west-2.amazonaws.com/620.jpg","https://1001photos.s3.us-west-2.amazonaws.com/777.jpg","https://1001photos.s3.us-west-2.amazonaws.com/857.jpg","https://1001photos.s3.us-west-2.amazonaws.com/981.jpg","https://1001photos.s3.us-west-2.amazonaws.com/13.jpg","Fri May 29 2020",4,2,0
"Mrs. Viola Barton","https://1001photos.s3.us-west-2.amazonaws.com/206.jpg","https://1001photos.s3.us-west-2.amazonaws.com/694.jpg","https://1001photos.s3.us-west-2.amazonaws.com/469.jpg","https://1001photos.s3.us-west-2.amazonaws.com/734.jpg","https://1001photos.s3.us-west-2.amazonaws.com/425.jpg","https://1001photos.s3.us-west-2.amazonaws.com/580.jpg","https://1001photos.s3.us-west-2.amazonaws.com/555.jpg","https://1001photos.s3.us-west-2.amazonaws.com/948.jpg","https://1001photos.s3.us-west-2.amazonaws.com/632.jpg","https://1001photos.s3.us-west-2.amazonaws.com/319.jpg","https://1001photos.s3.us-west-2.amazonaws.com/102.jpg","https://1001photos.s3.us-west-2.amazonaws.com/322.jpg","Fri May 29 2020",3,0,0
"Cleta Tremblay DVM","https://1001photos.s3.us-west-2.amazonaws.com/498.jpg","https://1001photos.s3.us-west-2.amazonaws.com/263.jpg","https://1001photos.s3.us-west-2.amazonaws.com/192.jpg","https://1001photos.s3.us-west-2.amazonaws.com/219.jpg","https://1001photos.s3.us-west-2.amazonaws.com/441.jpg","https://1001photos.s3.us-west-2.amazonaws.com/206.jpg","https://1001photos.s3.us-west-2.amazonaws.com/737.jpg","https://1001photos.s3.us-west-2.amazonaws.com/388.jpg","https://1001photos.s3.us-west-2.amazonaws.com/970.jpg","https://1001photos.s3.us-west-2.amazonaws.com/383.jpg","https://1001photos.s3.us-west-2.amazonaws.com/489.jpg","https://1001photos.s3.us-west-2.amazonaws.com/996.jpg","Fri May 29 2020",0,3,0
"Winfield Predovic","https://1001photos.s3.us-west-2.amazonaws.com/299.jpg","https://1001photos.s3.us-west-2.amazonaws.com/129.jpg","https://1001photos.s3.us-west-2.amazonaws.com/269.jpg","https://1001photos.s3.us-west-2.amazonaws.com/664.jpg","https://1001photos.s3.us-west-2.amazonaws.com/118.jpg","https://1001photos.s3.us-west-2.amazonaws.com/74.jpg","https://1001photos.s3.us-west-2.amazonaws.com/965.jpg","https://1001photos.s3.us-west-2.amazonaws.com/416.jpg","https://1001photos.s3.us-west-2.amazonaws.com/173.jpg","https://1001photos.s3.us-west-2.amazonaws.com/943.jpg","https://1001photos.s3.us-west-2.amazonaws.com/511.jpg","https://1001photos.s3.us-west-2.amazonaws.com/566.jpg","Fri May 29 2020",4,2,0
